<?xml version='1.0' encoding='utf-8'?>
<workspace name="wdog">
  <project device="EFR32MG22C224F512IM40"
           name="EFR32MG22_wdog">
    <targets>
      <name>slsproj</name>
      <name>iar</name>
    </targets>
    <directories>
      <cmsis>$PROJ_DIR$\..\..\..\platform</cmsis>
      <device>$PROJ_DIR$\..\..\..\platform\Device\SiliconLabs</device>
      <emlib>$PROJ_DIR$\..\..\..\platform\emlib</emlib>
      <drivers>$PROJ_DIR$\..\..\..\hardware\kit\common\drivers</drivers>
      <bsp>$PROJ_DIR$\..\..\..\hardware\kit\common\bsp</bsp>
      <kitconfig>$PROJ_DIR$\..\..\..\hardware\kit\EFR32MG22_BRD4182A\config</kitconfig>
    </directories>
    <includepaths>
      <path>##em-path-cmsis##\CMSIS\Include</path>
      <path>##em-path-device##\EFR32MG22\Include</path>
      <path>##em-path-emlib##\inc</path>
      <path>##em-path-cmsis##\emdrv\common\inc</path>
      <path>##em-path-cmsis##\emdrv\ustimer\config</path>
      <path>##em-path-cmsis##\emdrv\ustimer\inc</path>
      <path>##em-path-kitconfig##</path>
      <path>##em-path-bsp##</path>
      <path>##em-path-drivers##</path>
    </includepaths>
    <group name="CMSIS">
      <source>##em-path-device##\EFR32MG22\Source\$IDE$\startup_efr32mg22.s</source>
      <source>##em-path-device##\EFR32MG22\Source\system_efr32mg22.c</source>
    </group>
    <group name="drivers">
      <source>##em-path-drivers##\retargetio.c</source>
      <source>##em-path-drivers##\retargetserial.c</source>
    </group>
    <group name="emdrv">
      <source>##em-path-cmsis##\emdrv\ustimer\src\ustimer.c</source>
    </group>
    <group name="emlib">
      <source>##em-path-emlib##\src\em_cmu.c</source>
      <source>##em-path-emlib##\src\em_emu.c</source>
      <source>##em-path-emlib##\src\em_core.c</source>
      <source>##em-path-emlib##\src\em_gpio.c</source>
      <source>##em-path-emlib##\src\em_letimer.c</source>
      <source>##em-path-emlib##\src\em_prs.c</source>
      <source>##em-path-emlib##\src\em_rmu.c</source>
      <source>##em-path-emlib##\src\em_system.c</source>
      <source>##em-path-emlib##\src\em_timer.c</source>
      <source>##em-path-emlib##\src\em_usart.c</source>
      <source>##em-path-emlib##\src\em_wdog.c</source>
    </group>
    <group name="Source">
      <source>$PROJ_DIR$\..\src\main_wdog_s2.c</source>
      <source>$PROJ_DIR$\..\src\wdog_mode_test_s2.c</source>
    </group>
    <cflags>
      <define>RETARGET_VCOM</define>
    </cflags>
  </project>
</workspace>
