<?xml version='1.0' encoding='utf-8'?>
<workspace name="cmu">
  <project device="EFR32MG21A010F1024IM32"
           name="EFR32MG21_cmu_dpll_i2s_MG21">
    <targets>
      <name>slsproj</name>
      <name>iar</name>
    </targets>
    <directories>
      <cmsis>$PROJ_DIR$\..\..\..\platform\CMSIS</cmsis>
      <device>$PROJ_DIR$\..\..\..\platform\Device\SiliconLabs</device>
      <emlib>$PROJ_DIR$\..\..\..\platform\emlib</emlib>
      <drivers>$PROJ_DIR$\..\..\..\hardware\kit\common\drivers</drivers>
      <bsp>$PROJ_DIR$\..\..\..\hardware\kit\common\bsp</bsp>
      <kitconfig>$PROJ_DIR$\..\..\..\hardware\kit\EFR32MG21_BRD4181A\config</kitconfig>
    </directories>
    <includepaths>
      <path>##em-path-cmsis##\Include</path>
      <path>##em-path-device##\EFR32MG21\Include</path>
      <path>##em-path-emlib##\inc</path>
      <path>##em-path-kitconfig##</path>
      <path>##em-path-bsp##</path>
      <path>##em-path-drivers##</path>
      <path>$PROJ_DIR$\..\src\</path>
    </includepaths>
    <group name="CMSIS">
      <source>##em-path-device##\EFR32MG21\Source\$IDE$\startup_efr32mg21.s</source>
      <source>##em-path-device##\EFR32MG21\Source\system_efr32mg21.c</source>
    </group>
    <group name="emlib">
      <source>##em-path-emlib##\src\em_assert.c</source>
      <source>##em-path-emlib##\src\em_core.c</source>
      <source>##em-path-emlib##\src\em_cmu.c</source>
      <source>##em-path-emlib##\src\em_gpio.c</source>
      <source>##em-path-emlib##\src\em_system.c</source>
      <source>##em-path-emlib##\src\em_usart.c</source>
      <source>##em-path-drivers##\retargetio.c</source>
      <source>##em-path-drivers##\retargetserial.c</source>
    </group>
    <group name="Source">
      <source>$PROJ_DIR$\..\src\main_cmu_dpll_i2s_s2.c</source>
    </group>
    <cflags>
      <define>RETARGET_VCOM</define>
    </cflags>
  </project>
</workspace>
